year,cams,lsasaf
2010,33.32807403229466,36.86635423943912
2011,30.910182283156747,34.041506805777665
2012,30.914907780768825,33.91318376424412
2013,27.33879314392495,29.08339275029755
2014,32.21748355086041,34.84237271600882
2015,31.45840542041788,33.57008095583146
2018,32.727436572367225,35.223082121505875
2019,35.70920884643103,36.296819745279166
