year,cams,lsasaf
2014,26.63295573232692,27.011083469619336
2015,25.589864409634362,26.065723002969715
2016,24.11575630533699,25.72253823471232
2017,23.729614008751092,24.59345470006073
2018,22.873159623215997,24.489487565772556
2019,22.058890358544588,23.71391730310587
2020,20.007112365877077,20.149027560406736
2021,22.832841178799246,25.019038082394847
2022,21.263262286319083,23.772692684736977
