year,cams,lsasaf
2013,42.15523208775366,28.332924358677513
2014,43.63925392982381,26.335854902614447
2015,43.267399810210996,29.241979555321286
2016,44.38930879619016,27.771507866660695
2017,48.43713430579788,32.99089796232713
2018,33.37374897431323,22.454705101264633
2023,30.56305134988644,20.23557405832425
