year,cams,lsasaf
2015,29.163321169624446,35.69838521802398
2016,32.25696061218544,37.87829880766656
2017,28.953075426909518,34.094758205902295
2018,28.15946209184459,30.435055827770142
2019,30.320593933425272,32.124967869552236
2020,27.634066206668965,30.52823371000177
2021,30.000500050372537,32.67544012945463
2022,27.597924334531687,29.883062219073558
