year,cams,lsasaf
2019,40.111172274934226,44.10388650412027
2020,37.03338352843324,41.98234104055838
2021,43.326605943759105,48.12033668809988
2022,42.51175802526305,48.05285996588064
