year,cams,lsasaf
2015,27.237164843259908,28.796768366883065
2016,26.286832339688793,26.506859238864607
2017,21.081093906803954,20.63757928116839
2018,21.698485688946935,22.619709260640516
2019,22.573136455582084,22.53557193967744
2020,20.575114401959198,18.728621842564625
2021,19.974565129570678,22.325149726814775
2022,18.65327262028598,18.506868163407702
