year,cams,lsasaf
2010,23.29650035309583,30.374925141893648
2011,24.476887540053678,31.13691134437449
2012,19.008399520491345,25.240308218749842
2013,18.855321395436473,23.895172314441695
2014,23.463609835623608,29.887324918995205
2015,19.54832567853175,26.159733325364165
2016,19.90703465357237,24.692019102146585
2017,22.89192489435731,27.136322154995966
2018,34.852740404609115,37.439751924304176
2019,18.396632197311135,22.197784404742368
