year,cams,lsasaf
2009,29.792389402364066,34.2524664715535
2010,30.62827155650867,37.03963708037776
2011,34.767601820730924,42.302481485649146
2012,34.74748267634875,42.55441371022483
2013,31.423257203309173,36.881161842715144
2014,28.473618733006422,34.498861768945474
2015,35.94790770156365,42.4056484654227
2016,33.50262442543827,38.54660578836308
2017,39.1851411516705,42.96468455870684
2018,35.251151423851276,38.92152812785646
2019,35.996775259242995,38.10235466625329
