year,cams,lsasaf
2012,22.279110271849422,22.538127211221063
2013,30.637343333293778,30.544769654039953
2014,37.33873450284521,39.01460803461227
