year,cams,lsasaf
2017,29.140229793692203,30.793080677653222
2018,27.282680098913488,25.52984892457732
