SZA_bin,RRMSD_cams,RRMSD_lsasaf
0-10,33.73273090034898,36.38874028136669
10-20,32.82087703385611,34.51865834063665
20-30,30.962910665903955,32.618374796677614
30-40,26.26979245885789,28.343025166495018
40-50,25.27439916913478,28.04962170017452
50-60,27.846989373661756,31.5034484830498
60-70,31.6007228798162,36.06634835551872
70-80,39.0759514396361,44.63483304192697
