SZA_bin,RRMSD_cams,RRMSD_lsasaf
0-10,40.72453872800402,31.39981886982949
10-20,40.46802349603631,29.43653140712797
20-30,38.13492490548043,26.280712236827785
30-40,35.06455441871391,22.822667137054776
40-50,32.94008227215749,20.246538709141912
50-60,39.77117444799701,21.79422798090138
60-70,50.11249126840599,27.198301468487784
70-80,62.57133494012602,39.368755608161656
