SZA_bin,RRMSD_cams,RRMSD_lsasaf
0-10,25.314188621425192,28.51244205580276
10-20,24.48681581660438,29.31678739575695
20-30,27.678254585402502,30.172186941398483
30-40,27.33130845863634,30.04139479324538
40-50,25.65513136206305,29.283189296650846
50-60,25.17135957160911,28.58492705796661
60-70,31.909356705322967,35.62124346982258
70-80,46.39317816283187,51.9791026692082
