SZA_bin,RRMSD_cams,RRMSD_lsasaf
0-10,24.646122474371314,22.721742090093016
10-20,21.76480222546467,19.759116744009717
20-30,21.512817136101404,20.233039027892396
30-40,20.6094680737784,18.787171820911936
40-50,20.160179087235967,18.14930671124299
50-60,25.78362919049802,21.526546571550064
60-70,35.66085305497214,26.51003087958037
70-80,54.285071146269004,35.29266329094797
