SZA_bin,RRMSD_cams,RRMSD_lsasaf
0-10,30.80765751091924,40.02733839444287
10-20,34.85668288590902,42.41895816931157
20-30,38.9751550897481,42.05552680104326
30-40,42.16820231604264,42.60123367236359
40-50,37.455889404231705,41.39951214870521
50-60,35.45133084352367,41.91133175576169
60-70,35.631550544277566,44.45453369867891
70-80,41.85702972118403,54.78305734620268
