SZA_bin,RRMSD_cams,RRMSD_lsasaf
0-10,19.380265704958102,26.0375556033682
10-20,19.200154365784723,25.136079153119322
20-30,19.4216868108084,24.715260149126458
30-40,20.47243333426774,25.182082667150535
40-50,20.835002791310682,26.239015034981932
50-60,23.211640414166638,27.66264921907668
60-70,26.13025515985926,30.155006316640883
70-80,32.89119800311484,36.78457594767946
