SZA_bin,RRMSD_cams,RRMSD_lsasaf
0-10,31.621366444596333,37.02582723719034
10-20,30.58742450369602,35.97843331319765
20-30,29.10845431393852,34.53039259953499
30-40,28.329999595280857,33.92319699007266
40-50,27.467941025636705,32.01066088612012
50-60,31.37951661644563,36.2030037582774
60-70,40.459624722499306,44.79286685244605
70-80,55.49760988287804,57.63670318864552
