SZA_bin,RRMSD_cams,RRMSD_lsasaf
0-10,25.826767502974395,27.911850413877886
10-20,24.302576255746533,25.52686574901355
20-30,25.434605550662976,27.358458137740538
30-40,26.924719402542475,27.442921036511542
40-50,28.67600755423717,27.942555472469216
50-60,33.05694190698813,29.323506273591153
60-70,39.993324668087574,35.50613966765278
70-80,54.717257282645726,49.31976922632076
