SZA_bin,RRMSD_cams,RRMSD_lsasaf
0-10,27.34072959932608,28.996641169965994
10-20,25.479621610827657,26.835728166455556
20-30,26.497430101768977,28.594798138410937
30-40,27.915502495493993,28.41292913909317
40-50,28.787784348254338,28.126295300783923
50-60,32.85361293431602,29.24280647719808
60-70,40.0931828962589,35.24841214064837
70-80,54.654971649319194,48.947529507918084
