SZA_bin,RRMSD_cams,RRMSD_lsasaf
0-10,25.052928312325285,26.61766890497315
10-20,23.80673376475076,25.20630028273756
20-30,22.893218247574822,24.291693538948408
30-40,23.848415493572237,23.53519420622888
40-50,24.08629214558294,23.998726450156816
50-60,28.44955938496468,29.09705033854999
60-70,40.007269309146835,38.21105625410862
70-80,55.23960138512457,51.494658328440515
