season,cams,lsasaf
Autumn,31.445230158807348,33.32762747386543
Spring,34.05795565199412,37.75201889575592
Summer,39.92264076611813,42.775630848139
Winter,16.89025734501437,18.2868429065514
