season,cams,lsasaf
Autumn,25.424548892464966,24.353803145263754
Spring,21.21731434948505,23.88351285739984
Summer,22.77941412027049,24.119601229013735
Winter,24.017428748955442,23.03446928766531
