season,cams,lsasaf
Autumn,32.86595926970245,20.639584409770407
Spring,43.66783603058528,26.821377266170703
Summer,52.46888727624721,36.136547144741215
Winter,22.84525006198634,14.55932811193035
