season,cams,lsasaf
Autumn,25.571515847756785,27.942447759011955
Spring,30.38664305649857,34.28193246010597
Summer,30.897250053435794,35.969177682053065
Winter,27.8887168663368,29.739985672818108
