season,cams,lsasaf
Autumn,17.564058165319434,15.613062838452151
Spring,26.49850686004257,23.0556608452596
Summer,35.181459341172996,31.25531965830049
Winter,15.775732731070539,12.275727892615098
