season,cams,lsasaf
Autumn,41.4677022591536,52.22287549993007
Spring,42.77728401732781,42.82056773707007
Summer,40.4285644210843,44.12630123965967
Winter,37.85059610944438,43.36695985124743
