season,cams,lsasaf
Autumn,20.86797514053297,22.845173546201252
Spring,21.527149738573495,21.936696817037458
Summer,23.8343198712354,23.583646659828943
Winter,18.49090212733774,18.48448124119968
