season,cams,lsasaf
Autumn,23.237664506459144,28.297107892896133
Spring,19.647551271530713,25.493326114165633
Summer,25.575286873370352,32.00269835991037
Winter,19.413910554864987,24.345992194855818
