season,cams,lsasaf
Autumn,32.54866488142739,37.10716855332794
Spring,32.09395636064341,39.02021404015599
Summer,38.93038048356428,45.079514038785526
Winter,23.509749311903676,25.722458363868334
