season,cams,lsasaf
Spring,28.473487313346023,29.001419960805958
Summer,34.914787205693486,35.63619665756105
Winter,25.627385841608803,23.116029376181917
