season,cams,lsasaf
Spring,29.40865369508995,29.613549154381545
Summer,36.72451294717517,37.89577768245162
Winter,25.627385841608803,23.116029376181917
