season,cams,lsasaf
Autumn,30.72125835155458,31.26254186564831
Spring,28.40968098347846,30.232831892664347
Summer,30.93945237646495,30.266386325091847
Winter,22.35006949126391,22.160636412651407
